{"cameraMode":{"drawMode":0,"name":"Shaded","section":"Shading Mode"},"sceneLighting":false,"audioPlay":false,"sceneViewState":{"showFog":true,"showMaterialUpdate":false,"showSkybox":false,"showFlares":true,"showImageEffects":true,"showParticleSystems":true},"in2DMode":false,"pivot":{"x":5.9102020263671879,"y":6.162724018096924,"z":-17.10546875},"rotation":{"x":0.0033248704858124258,"y":0.9704550504684448,"z":-0.24089327454566956,"w":0.013394276611506939},"size":10.034817695617676,"orthographic":false}