{"cameraMode":{"drawMode":0,"name":"Shaded","section":"Shading Mode"},"sceneLighting":true,"audioPlay":false,"sceneViewState":{"showFog":true,"showMaterialUpdate":false,"showSkybox":true,"showFlares":true,"showImageEffects":true,"showParticleSystems":true},"in2DMode":false,"pivot":{"x":6.381401062011719,"y":21.619346618652345,"z":2.2773361206054689},"rotation":{"x":-0.04349984973669052,"y":0.8941855430603027,"z":-0.08909429609775543,"w":-0.4365810751914978},"size":149.69105529785157,"orthographic":false}