{"cameraMode":{"drawMode":0,"name":"Shaded","section":"Shading Mode"},"sceneLighting":true,"audioPlay":false,"sceneViewState":{"showFog":true,"showMaterialUpdate":false,"showSkybox":true,"showFlares":true,"showImageEffects":true,"showParticleSystems":true},"in2DMode":false,"pivot":{"x":14.27629280090332,"y":4.908835411071777,"z":-32.2193603515625},"rotation":{"x":-0.01991642452776432,"y":-0.9616025686264038,"z":0.07255413383245468,"w":-0.2639513909816742},"size":39.563655853271487,"orthographic":false}